{"IC-61": {"noise": [1, 0], "cameras": [18, 25, 47, 44, 36, 13, 29, 21, 37, 39, 7, 32, 33, 3, 9, 22, 8, 6, 4, 30, 46, 19, 15, 27, 5, 40, 26, 34, 23, 41, 1, 35, 17, 38, 11, 14, 12, 10, 2, 20, 0, 28, 16, 43, 31, 45, 24, 42], "mse": 0.0, "ssim": 1.0}, "IC-64": {"noise": [5, 0], "cameras": [18, 25, 47, 44, 36, 13, 29, 21, 37, 39, 7, 32, 33, 3, 9, 22, 8, 6, 4, 30, 46, 19, 15, 27, 5, 40, 26, 34, 23, 41, 1, 35, 17, 38, 11, 14, 12, 10, 2, 20, 0, 28, 16, 43, 31, 45, 24, 42], "mse": 0.1898429853718399, "ssim": 0.6238260249033275}, "IC-65": {"noise": [10, 0], "cameras": [18, 25, 47, 44, 36, 13, 29, 21, 37, 39, 7, 32, 33, 3, 9, 22, 8, 6, 4, 30, 46, 19, 15, 27, 5, 40, 26, 34, 23, 41, 1, 35, 17, 38, 11, 14, 12, 10, 2, 20, 0, 28, 16, 43, 31, 45, 24, 42], "mse": 0.23954067376085206, "ssim": 0.4242232312173644}, "IC-67": {"noise": [1, 0], "cameras": [5, 36, 19, 33, 20, 10, 30, 43, 44, 11, 2, 22, 14, 15, 13, 37, 24, 4, 8, 0, 29, 9, 12, 21, 31, 39, 40, 18, 35, 3, 25, 27, 1, 28, 26, 47, 16, 41, 42, 6], "mse": 0.15620443882741936, "ssim": 0.6945231259538973}, "IC-69": {"noise": [5, 0], "cameras": [5, 36, 19, 33, 20, 10, 30, 43, 44, 11, 2, 22, 14, 15, 13, 37, 24, 4, 8, 0, 29, 9, 12, 21, 31, 39, 40, 18, 35, 3, 25, 27, 1, 28, 26, 47, 16, 41, 42, 6], "mse": 0.17000267668740068, "ssim": 0.5176201443706376}, "IC-70": {"noise": [10, 0], "cameras": [5, 36, 19, 33, 20, 10, 30, 43, 44, 11, 2, 22, 14, 15, 13, 37, 24, 4, 8, 0, 29, 9, 12, 21, 31, 39, 40, 18, 35, 3, 25, 27, 1, 28, 26, 47, 16, 41, 42, 6], "mse": 0.8941036847483473, "ssim": 0.23923246069282705}, "IC-62": {"noise": [1, 0], "cameras": [20, 47, 6, 19, 22, 5, 37, 39, 35, 7], "mse": 0.18131767417007033, "ssim": 0.5157439335602689}, "IC-72": {"noise": [1, 0], "cameras": [20, 34, 43, 35, 23, 4, 44, 28, 19, 5, 15, 24, 37, 6, 16, 39, 29, 26, 30, 9, 1, 13, 42, 38, 31, 8, 27, 47, 45, 10], "mse": 0.17655532930171491, "ssim": 0.6225395731293262}, "IC-75": {"noise": [5, 0], "cameras": [20, 34, 43, 35, 23, 4, 44, 28, 19, 5, 15, 24, 37, 6, 16, 39, 29, 26, 30, 9, 1, 13, 42, 38, 31, 8, 27, 47, 45, 10], "mse": 0.36542707864723734, "ssim": 0.4740809541172442}, "IC-77": {"noise": [10, 0], "cameras": [20, 34, 43, 35, 23, 4, 44, 28, 19, 5, 15, 24, 37, 6, 16, 39, 29, 26, 30, 9, 1, 13, 42, 38, 31, 8, 27, 47, 45, 10], "mse": 1.9044967579059526, "ssim": 0.02411201251400827}, "IC-79": {"noise": [1, 0], "cameras": [20, 10, 5, 29, 15, 0, 25, 41, 3, 31, 14, 39, 24, 4, 30, 43, 22, 38, 8, 26], "mse": 0.17342551307115678, "ssim": 0.5569408690111761}, "IC-81": {"noise": [5, 0], "cameras": [20, 10, 5, 29, 15, 0, 25, 41, 3, 31, 14, 39, 24, 4, 30, 43, 22, 38, 8, 26], "mse": 0.22637746832564934, "ssim": 0.4340553132283754}, "IC-83": {"noise": [10, 0], "cameras": [20, 10, 5, 29, 15, 0, 25, 41, 3, 31, 14, 39, 24, 4, 30, 43, 22, 38, 8, 26], "mse": 1.7629577149997415, "ssim": 0.03690717812223044}, "IC-86": {"noise": [1, 0], "cameras": [20, 42, 36, 27, 47, 39, 17, 4, 24, 19, 8, 33, 15, 46, 13, 5, 34, 7, 22, 14], "mse": 0.18292715594638584, "ssim": 0.6060135833071133}, "IC-96": {"noise": [1, 0], "cameras": [39, 25, 37, 2, 20, 3, 41, 12, 32, 42, 33, 47, 38, 24, 9, 22, 19, 27, 17, 13, 34, 46, 31, 14, 35, 1, 16, 10, 29, 5, 6, 40, 43, 26, 8, 15, 11, 18, 36, 44, 30, 21, 45, 28, 4, 7, 23, 0], "mse": 0.18171869848848116, "ssim": 0.7119050019207097}, "IC-98": {"noise": [5, 0], "cameras": [39, 25, 37, 2, 20, 3, 41, 12, 32, 42, 33, 47, 38, 24, 9, 22, 19, 27, 17, 13, 34, 46, 31, 14, 35, 1, 16, 10, 29, 5, 6, 40, 43, 26, 8, 15, 11, 18, 36, 44, 30, 21, 45, 28, 4, 7, 23, 0], "mse": 0.2244860699569412, "ssim": 0.6098319638657131}, "IC-100": {"noise": [10, 0], "cameras": [39, 25, 37, 2, 20, 3, 41, 12, 32, 42, 33, 47, 38, 24, 9, 22, 19, 27, 17, 13, 34, 46, 31, 14, 35, 1, 16, 10, 29, 5, 6, 40, 43, 26, 8, 15, 11, 18, 36, 44, 30, 21, 45, 28, 4, 7, 23, 0], "mse": 0.22750426422954423, "ssim": 0.47650312501964476}, "IC-101": {"noise": [1, 0], "cameras": [14, 7, 4, 47, 32, 26, 40, 15, 21, 37, 34, 44, 0, 23, 33, 18, 25, 27, 3, 43, 9, 28, 19, 41, 11, 46, 45, 36, 5, 6, 39, 12, 29, 20, 10, 35, 17, 24, 38, 30], "mse": 0.19172876344146658, "ssim": 0.6545143463596315}, "IC-107": {"noise": [5, 0], "cameras": [14, 7, 4, 47, 32, 26, 40, 15, 21, 37, 34, 44, 0, 23, 33, 18, 25, 27, 3, 43, 9, 28, 19, 41, 11, 46, 45, 36, 5, 6, 39, 12, 29, 20, 10, 35, 17, 24, 38, 30], "mse": 0.18596593037637996, "ssim": 0.5592634314275675}, "IC-109": {"noise": [10, 0], "cameras": [14, 7, 4, 47, 32, 26, 40, 15, 21, 37, 34, 44, 0, 23, 33, 18, 25, 27, 3, 43, 9, 28, 19, 41, 11, 46, 45, 36, 5, 6, 39, 12, 29, 20, 10, 35, 17, 24, 38, 30], "mse": 0.23891463348587655, "ssim": 0.4059158142936559}, "IC-105": {"noise": [5, 0], "cameras": [20, 47, 6, 19, 22, 5, 37, 39, 35, 7], "mse": 1.5071356523755925, "ssim": 0.12259616722346885}, "IC-113": {"noise": [5, 0], "cameras": [20, 42, 36, 27, 47, 39, 17, 4, 24, 19, 8, 33, 15, 46, 13, 5, 34, 7, 22, 14], "mse": 0.19976069721534245, "ssim": 0.48750932121848606}, "IC-114": {"noise": [10, 0], "cameras": [20, 47, 6, 19, 22, 5, 37, 39, 35, 7], "mse": 1.808697270445848, "ssim": 0.03411983388212143}, "IC-116": {"noise": [10, 0], "cameras": [20, 42, 36, 27, 47, 39, 17, 4, 24, 19, 8, 33, 15, 46, 13, 5, 34, 7, 22, 14], "mse": 1.665703990961158, "ssim": 0.06758398509757278}, "IC-118": {"noise": [1, 0], "cameras": [20, 16, 32, 36, 45, 18, 37, 43, 33, 17], "mse": 0.3187836828646065, "ssim": 0.3692226073240809}, "IC-124": {"noise": [1, 0], "cameras": [20, 18, 7, 3, 38, 45, 32, 37, 33, 46], "mse": 0.3659347476323206, "ssim": 0.43835411224505005}, "IC-127": {"noise": [5, 0], "cameras": [20, 16, 32, 36, 45, 18, 37, 43, 33, 17], "mse": 0.30198577042800107, "ssim": 0.3293227218875381}, "IC-129": {"noise": [5, 0], "cameras": [20, 18, 7, 3, 38, 45, 32, 37, 33, 46], "mse": 2.305539993719178, "ssim": 0.007631472078009321}, "IC-131": {"noise": [10, 0], "cameras": [20, 16, 32, 36, 45, 18, 37, 43, 33, 17], "mse": 1.7340804492905266, "ssim": 0.042460091059159384}, "IC-139": {"noise": [10, 0], "cameras": [20, 18, 7, 3, 38, 45, 32, 37, 33, 46], "mse": 2.6548704981895868, "ssim": 0.025771520139938}, "IC-161": {"noise": [1, 0], "cameras": [20, 38, 42, 4, 2, 46, 12, 18, 37, 13], "mse": 0.21409389142511426, "ssim": 0.45866513550346466}, "IC-165": {"noise": [5, 0], "cameras": [20, 38, 42, 4, 2, 46, 12, 18, 37, 13], "mse": 0.5817121734256774, "ssim": 0.2523065071339335}, "IC-160": {"noise": [1, 0], "cameras": [20, 28, 22, 31, 3, 19, 21, 16], "mse": 0.29456882127500755, "ssim": 0.34052892552543795}, "IC-170": {"noise": [5, 0], "cameras": [20, 38, 42, 4, 2, 46, 12, 18, 37, 13], "mse": 2.4201698535517417, "ssim": 0.011285137646695323}, "IC-181": {"noise": [10, 0], "cameras": [20, 38, 42, 4, 2, 46, 12, 18, 37, 13], "mse": 1.9963784339773478, "ssim": 0.01133951717534712}, "IC-197": {"noise": [1, 0], "cameras": [20, 36, 12, 19, 37], "mse": 1.8488998578932991, "ssim": 0.0221053269178229}, "IC-210": {"noise": [5, 0], "cameras": [20, 36, 12, 19, 37], "mse": 1.781278163060408, "ssim": 0.021643594422908644}, "IC-222": {"noise": [10, 0], "cameras": [20, 36, 12, 19, 37], "mse": 2.1140628661347947, "ssim": 0.0075689673678887735}, "IC-227": {"noise": [1, 0], "cameras": [4, 21, 36, 20], "mse": 0.3316597841863137, "ssim": 0.3668802315766993}, "IC-231": {"noise": [5, 0], "cameras": [4, 21, 36, 20], "mse": 1.9190091728198853, "ssim": 0.016468350655189933}, "IC-236": {"noise": [10, 0], "cameras": [4, 21, 36, 20], "mse": 2.123310222358139, "ssim": -0.001534565772515319}, "IC-241": {"noise": [1, 0], "cameras": [44, 47, 20], "mse": 1.900695995748409, "ssim": 0.027808769505595382}, "IC-246": {"noise": [5, 0], "cameras": [44, 47, 20], "mse": 1.9297312591520988, "ssim": 0.02143685695833456}, "IC-251": {"noise": [10, 0], "cameras": [44, 47, 20], "mse": 1.9166600146572255, "ssim": 0.018346720977535258}, "IC-267": {"noise": [1, 0], "cameras": [47, 2, 12, 40, 35, 7, 41, 11, 38, 25, 29, 17, 20, 22, 28, 36, 33, 16, 30, 23], "mse": 0.18706695533062156, "ssim": 0.5078475135467726}, "IC-276": {"noise": [5, 0],