{"IC-594": {"noise": [1, 0], "cameras": [5, 2, 10, 11, 35, 42, 16, 27, 39, 20, 17, 30, 9, 19, 22, 25, 47, 26, 34, 29, 23, 24, 18, 7, 3, 44, 21, 13, 37, 38, 6, 28, 12, 14, 46, 36, 32, 1, 40, 15, 41, 43, 31, 33, 4, 45, 8, 0], "mse": 0.0, "ssim": 1.0}, "IC-596": {"noise": [5, 0], "cameras": [5, 2, 10, 11, 35, 42, 16, 27, 39, 20, 17, 30, 9, 19, 22, 25, 47, 26, 34, 29, 23, 24, 18, 7, 3, 44, 21, 13, 37, 38, 6, 28, 12, 14, 46, 36, 32, 1, 40, 15, 41, 43, 31, 33, 4, 45, 8, 0], "mse": 0.8323030354867255, "ssim": 0.5404475982607649}, "IC-597": {"noise": [20, 0], "cameras": [5, 2, 10, 11, 35, 42, 16, 27, 39, 20, 17, 30, 9, 19, 22, 25, 47, 26, 34, 29, 23, 24, 18, 7, 3, 44, 21, 13, 37, 38, 6, 28, 12, 14, 46, 36, 32, 1, 40, 15, 41, 43, 31, 33, 4, 45, 8, 0], "mse": 2.933199898287506, "ssim": 0.00915176584460267}, "IC-599": {"noise": [1, 0], "cameras": [38, 12, 6, 17, 2, 24, 31, 4, 25, 37, 5, 11, 20, 16, 44, 10, 46, 33, 1, 23, 27, 9, 47, 0, 28, 8, 29, 21, 36, 40, 18, 35, 19, 15, 32, 45, 13, 43, 14, 30], "mse": 0.3283933635089077, "ssim": 0.6276333977207443}, "IC-601": {"noise": [5, 0], "cameras": [38, 12, 6, 17, 2, 24, 31, 4, 25, 37, 5, 11, 20, 16, 44, 10, 46, 33, 1, 23, 27, 9, 47, 0, 28, 8, 29, 21, 36, 40, 18, 35, 19, 15, 32, 45, 13, 43, 14, 30], "mse": 0.8312100842727798, "ssim": 0.5255207083274092}, "IC-604": {"noise": [10, 0], "cameras": [5, 2, 10, 11, 35, 42, 16, 27, 39, 20, 17, 30, 9, 19, 22, 25, 47, 26, 34, 29, 23, 24, 18, 7, 3, 44, 21, 13, 37, 38, 6, 28, 12, 14, 46, 36, 32, 1, 40, 15, 41, 43, 31, 33, 4, 45, 8, 0], "mse": 0.9030492465474207, "ssim": 0.41870717333833657}, "IC-605": {"noise": [10, 0], "cameras": [38, 12, 6, 17, 2, 24, 31, 4, 25, 37, 5, 11, 20, 16, 44, 10, 46, 33, 1, 23, 27, 9, 47, 0, 28, 8, 29, 21, 36, 40, 18, 35, 19, 15, 32, 45, 13, 43, 14, 30], "mse": 0.8532443635098174, "ssim": 0.40079611398804144}, "IC-607": {"noise": [1, 0], "cameras": [20, 0, 27, 7, 38, 11, 19, 28, 18, 41, 34, 4, 47, 24, 39, 12, 21, 43, 10, 5, 35, 45, 36, 17, 26, 22, 42, 46, 15, 33], "mse": 0.738111355775352, "ssim": 0.5924400745083309}, "IC-609": {"noise": [5, 0], "cameras": [20, 0, 27, 7, 38, 11, 19, 28, 18, 41, 34, 4, 47, 24, 39, 12, 21, 43, 10, 5, 35, 45, 36, 17, 26, 22, 42, 46, 15, 33], "mse": 0.8710994338920943, "ssim": 0.46704456869280314}, "IC-611": {"noise": [10, 0], "cameras": [20, 0, 27, 7, 38, 11, 19, 28, 18, 41, 34, 4, 47, 24, 39, 12, 21, 43, 10, 5, 35, 45, 36, 17, 26, 22, 42, 46, 15, 33], "mse": 0.45531230218499663, "ssim": 0.38521200186338866}, "IC-612": {"noise": [1, 0], "cameras": [19, 22, 29, 7, 28, 39, 30, 38, 13, 9, 43, 31, 27, 20, 1, 6, 12, 18, 42, 17], "mse": 0.47323377911186404, "ssim": 0.5166864740141147}, "IC-614": {"noise": [5, 0], "cameras": [19, 22, 29, 7, 28, 39, 30, 38, 13, 9, 43, 31, 27, 20, 1, 6, 12, 18, 42, 17], "mse": 0.7911234655988983, "ssim": 0.46053310190628416}, "IC-616": {"noise": [10, 0], "cameras": [19, 22, 29, 7, 28, 39, 30, 38, 13, 9, 43, 31, 27, 20, 1, 6, 12, 18, 42, 17], "mse": 0.5148386473496632, "ssim": 0.37601800509852723}, "IC-617": {"noise": [1, 0], "cameras": [20, 25, 28, 2, 19, 42, 29, 9, 14, 13], "mse": 0.4651144309524496, "ssim": 0.45225626663670176}, "IC-619": {"noise": [5, 0], "cameras": [20, 25, 28, 2, 19, 42, 29, 9, 14, 13], "mse": 0.5171104742080425, "ssim": 0.37336253855935403}, "IC-621": {"noise": [18, 0], "cameras": [5, 2, 10, 11, 35, 42, 16, 27, 39, 20, 17, 30, 9, 19, 22, 25, 47, 26, 34, 29, 23, 24, 18, 7, 3, 44, 21, 13, 37, 38, 6, 28, 12, 14, 46, 36, 32, 1, 40, 15, 41, 43, 31, 33, 4, 45, 8, 0], "mse": 2.6288109193242195, "ssim": 0.0228834804934137}, "IC-623": {"noise": [18, 0], "cameras": [38, 12, 6, 17, 2, 24, 31, 4, 25, 37, 5, 11, 20, 16, 44, 10, 46, 33, 1, 23, 27, 9, 47, 0, 28, 8, 29, 21, 36, 40, 18, 35, 19, 15, 32, 45, 13, 43, 14, 30], "mse": 2.748213775189908, "ssim": 0.023008085436286123}, "IC-625": {"noise": [18, 0], "cameras": [20, 0, 27, 7, 38, 11, 19, 28, 18, 41, 34, 4, 47, 24, 39, 12, 21, 43, 10, 5, 35, 45, 36, 17, 26, 22, 42, 46, 15, 33], "mse": 2.7545088219954486, "ssim": 0.015138792446929627}, "IC-627": {"noise": [18, 0], "cameras": [20, 0, 27, 7, 38, 11, 19, 28, 18, 41, 34, 4, 47, 24, 39, 12, 21, 43, 10, 5, 35, 45, 36, 17, 26, 22, 42, 46, 15, 33], "mse": 3.481503773090115, "ssim": 0.0004346677194776766}, "IC-628": {"noise": [18, 0], "cameras": [19, 22, 29, 7, 28, 39, 30, 38, 13, 9, 43, 31, 27, 20, 1, 6, 12, 18, 42, 17], "mse": 2.9382019776492885, "ssim": 0.014929649275429526}, "IC-630": {"noise": [18, 0], "cameras": [19, 22, 29, 7, 28, 39, 30, 38, 13, 9, 43, 31, 27, 20, 1, 6, 12, 18, 42, 17], "mse": 3.1302578778702843, "ssim": 0.0066699437126428686}, "IC-631": {"noise": [18, 0], "cameras": [20, 25, 28, 2, 19, 42, 29, 9, 14, 13], "mse": 2.7165399520040956, "ssim": 0.009656802306757533}, "IC-633": {"noise": [18, 0], "cameras": [20, 25, 28, 2, 19, 42, 29, 9, 14, 13], "mse": 3.446161463237202, "ssim": 0.0004076544248065034}, "IC-634": {"noise": [18, 0], "cameras": [20, 7, 4, 21, 14, 33, 9, 22, 41, 0], "mse": 2.9995472188097176, "ssim": 0.021032822954392884}, "IC-637": {"noise": [18, 0], "cameras": [20, 7, 14, 33, 19, 11, 22, 15, 27, 39], "mse": 2.780731045360459, "ssim": 0.01293288960045173}, "IC-639": {"noise": [18, 0], "cameras": [20, 47, 9, 23, 37], "mse": 2.704359179701648, "ssim": 0.01359506135804879}, "IC-640": {"noise": [18, 0], "cameras": [20, 24, 22, 36, 9], "mse": 2.965859808348908, "ssim": 0.01161205337797244}, "IC-642": {"noise": [18, 0], "cameras": [22, 35, 16, 20, 15], "mse": 2.630651156052623, "ssim": 0.015123951669602165}, "IC-644": {"noise": [18, 0], "cameras": [20, 42, 9, 44, 29], "mse": 3.3108977795761834, "ssim": 0.00644034115425895}, "IC-645": {"noise": [18, 0], "cameras": [20, 29, 34, 6, 10], "mse": 2.7772073960770913, "ssim": 0.021498612766459715}, "IC-647": {"noise": [18, 0], "cameras": [3, 40, 12, 20, 5], "mse": 3.259114432802808, "ssim": -0.0003896174644084415}, "IC-648": {"noise": [18, 0], "cameras": [20, 46, 11, 21], "mse": 3.026081222140304, "ssim": 0.014441764848124716}, "IC-651": {"noise": [18, 0], "cameras": [27, 20, 45, 44], "mse": 3.2612599827644444, "ssim": 0.010162381364012837}, "IC-652": {"noise": [18, 0], "cameras": [20, 43, 42, 17], "mse": 2.952070260502593, "ssim": 0.015718473893017428}, "IC-654": {"noise": [18, 0], "cameras": [20, 4, 22, 34], "mse": 2.742255461670631, "ssim": 0.02775943590995127}, "IC-657": {"noise": [18, 0], "cameras": [20, 27, 11, 38], "mse": 3.246050981222923, "ssim": 0.008458651022162087}, "IC-658": {"noise": [18, 0], "cameras": [20, 8, 16], "mse": 3.016912965726766, "ssim": 0.005100805455847861}, "IC-660": {"noise": [18, 0], "cameras": [20, 14, 40], "mse": 2.993675061303323, "ssim": 0.005065992947270738}, "IC-662": {"noise": [18, 0], "cameras": [20, 8, 15], "mse": 3.0061054071836657, "ssim": 0.003706089532483365}, "IC-694": {"noise": [15, 0], "cameras": [5, 2, 10, 11, 35, 42, 16, 27, 39, 20, 17, 30, 9, 19, 22, 25, 47, 26, 34, 29, 23, 24, 18, 7, 3, 44, 21, 13, 37, 38, 6, 28, 12, 14, 46, 36, 32, 1, 40, 15, 41, 43, 31, 33, 4, 45, 8, 0], "mse": 1.0007556328281306, "ssim": 0.35068738583248504}, "IC-696": {"noise": [10, 0], "cameras": [20, 25, 28, 2, 19, 42, 29, 9, 14, 13], "mse": 2.471448925646727, "ssim": 0.03240022751652558}, "IC-698": {"noise": [1, 0], "cameras": [20, 7, 4, 21, 14, 33, 9, 22, 41, 0], "mse": 0.6387229347929674, "ssim": 0.37446865000300505}, "IC-697": {"noise": [15, 0], "cameras": [38, 12, 6, 17, 2, 24, 31, 4, 25, 37, 5, 11, 20, 16, 44, 10, 46, 33, 1, 23, 27, 9, 47, 0, 28, 8, 29, 21, 36, 40, 18, 35, 19, 15, 32, 45, 13, 43, 14, 30], "mse": 0.9004395078958796, "ssim": 0.3405081843713935}, "IC-700": {"noise": [5, 0], "cameras": [20, 7, 4, 21, 14, 33, 9, 22, 41, 0], "mse": 0.5088898645865165, "ssim": 0.2915069315311725}, "IC-701": {"noise": [15, 0], "cameras": [20, 0, 27, 7, 38, 11, 19, 28, 18, 41, 34, 4, 47, 24, 39, 12, 21, 43, 10, 5, 35, 45, 36, 17, 26, 22, 42, 46, 15, 33], "mse": 2.7170665595710837, "ssim": 0.02525524853897707}, "IC-702": {"noise": [10, 0], "cameras": [20, 7, 4, 21, 14, 33, 9, 22, 41, 0],