{"IC-602": {"noise": [0, 0], "cameras": [20, 15, 24, 23, 0, 43, 17, 22, 41, 13, 30, 36, 4, 31, 10, 3, 14, 7, 1, 46, 9, 32, 25, 39, 47, 33, 21, 28, 19, 38], "mse": 0.016843885560327773, "peak_std": 0.024763401469782623, "trough_std": 0.016002355575864873, "diff": -0.03506835715808321}, "IC-606": {"noise": [10, 0], "cameras": [20, 15, 24, 23, 0, 43, 17, 22, 41, 13, 30, 36, 4, 31, 10, 3, 14, 7, 1, 46, 9, 32, 25, 39, 47, 33, 21, 28, 19, 38], "mse": 0.13848341065844186, "peak_std": 0.023419454585358795, "trough_std": 0.01920385377859202, "diff": -0.02980729248259195}, "IC-608": {"noise": [30, 0], "cameras": [20, 15, 24, 23, 0, 43, 17, 22, 41, 13, 30, 36, 4, 31, 10, 3, 14, 7, 1, 46, 9, 32, 25, 39, 47, 33, 21, 28, 19, 38], "mse": 0.025458827606398598, "peak_std": 0.0299983024196536, "trough_std": 0.0245827352311207, "diff": -0.026578387239173662}, "IC-610": {"noise": [0, 0], "cameras": [41, 16, 6, 36, 37, 4, 35, 18, 32, 17, 28, 19, 43, 39, 23, 47, 3, 1, 40, 31, 5, 38, 34, 24, 21, 25, 0, 42, 9, 7, 20, 8, 44, 33, 22, 15, 29, 11, 2, 12, 26, 45, 27, 10, 13, 14, 46, 30], "mse": 0.0, "peak_std": 0.01991449881234595, "trough_std": 0.0140500376050797, "diff": -0.030212740161194962}, "IC-613": {"noise": [10, 0], "cameras": [41, 16, 6, 36, 37, 4, 35, 18, 32, 17, 28, 19, 43, 39, 23, 47, 3, 1, 40, 31, 5, 38, 34, 24, 21, 25, 0, 42, 9, 7, 20, 8, 44, 33, 22, 15, 29, 11, 2, 12, 26, 45, 27, 10, 13, 14, 46, 30], "mse": 0.032548985912593024, "peak_std": 0.02290792319322317, "trough_std": 0.017720013796505143, "diff": -0.030947757683819854}, "IC-615": {"noise": [30, 0], "cameras": [41, 16, 6, 36, 37, 4, 35, 18, 32, 17, 28, 19, 43, 39, 23, 47, 3, 1, 40, 31, 5, 38, 34, 24, 21, 25, 0, 42, 9, 7, 20, 8, 44, 33, 22, 15, 29, 11, 2, 12, 26, 45, 27, 10, 13, 14, 46, 30], "mse": 0.02614754484354417, "peak_std": 0.026678784309591353, "trough_std": 0.02357110628599907, "diff": -0.02816584858760529}, "IC-618": {"noise": [0, 0], "cameras": [7, 41, 39, 45, 17, 29, 21, 8, 22, 9, 46, 13, 15, 16, 5, 30, 14, 1, 33, 42, 35, 10, 3, 40, 32, 37, 31, 38, 43, 18, 4, 47, 20, 23, 2, 28, 27, 34, 6, 0], "mse": 0.01506011101982157, "peak_std": 0.022721165075713517, "trough_std": 0.01637678515890315, "diff": -0.03101226365084403}, "IC-620": {"noise": [10, 0], "cameras": [7, 41, 39, 45, 17, 29, 21, 8, 22, 9, 46, 13, 15, 16, 5, 30, 14, 1, 33, 42, 35, 10, 3, 40, 32, 37, 31, 38, 43, 18, 4, 47, 20, 23, 2, 28, 27, 34, 6, 0], "mse": 0.02458064475724206, "peak_std": 0.023185666239521955, "trough_std": 0.01658860247790517, "diff": -0.029373582101106743}, "IC-624": {"noise": [30, 0], "cameras": [7, 41, 39, 45, 17, 29, 21, 8, 22, 9, 46, 13, 15, 16, 5, 30, 14, 1, 33, 42, 35, 10, 3, 40, 32, 37, 31, 38, 43, 18, 4, 47, 20, 23, 2, 28, 27, 34, 6, 0], "mse": 0.050578339865079106, "peak_std": 0.03078962861887996, "trough_std": 0.026235928496738142, "diff": -0.022611592172718742}, "IC-629": {"noise": [0, 0], "cameras": [47, 43, 40, 20, 24, 36, 12, 26, 34, 5, 11, 25, 35, 28, 10, 23, 9, 22, 27, 18], "mse": 0.10710683913988707, "peak_std": 0.024240743601521366, "trough_std": 0.017350651052447305, "diff": -0.030649122340375257}, "IC-632": {"noise": [10, 0], "cameras": [47, 43, 40, 20, 24, 36, 12, 26, 34, 5, 11, 25, 35, 28, 10, 23, 9, 22, 27, 18], "mse": 0.1262739417861326, "peak_std": 0.023555550017098723, "trough_std": 0.01642854581031332, "diff": -0.030937905876022742}, "IC-635": {"noise": [30, 0], "cameras": [47, 43, 40, 20, 24, 36, 12, 26, 34, 5, 11, 25, 35, 28, 10, 23, 9, 22, 27, 18], "mse": 0.05057273654536596, "peak_std": 0.03470175976286637, "trough_std": 0.027787847086142382, "diff": -0.023024408121642193}, "IC-638": {"noise": [0, 0], "cameras": [22, 27, 34, 24, 14, 8, 32, 35, 5, 4], "mse": 0.060002869903574056, "peak_std": 0.03602876123527222, "trough_std": 0.031529810160973004, "diff": -0.027839609493204354}, "IC-643": {"noise": [20, 0], "cameras": [20, 15, 24, 23, 0, 43, 17, 22, 41, 13, 30, 36, 4, 31, 10, 3, 14, 7, 1, 46, 9, 32, 25, 39, 47, 33, 21, 28, 19, 38], "mse": 0.09243034571517646, "peak_std": 0.026188792265998594, "trough_std": 0.022500616923465812, "diff": -0.03021185051407685}, "IC-646": {"noise": [20, 0], "cameras": [41, 16, 6, 36, 37, 4, 35, 18, 32, 17, 28, 19, 43, 39, 23, 47, 3, 1, 40, 31, 5, 38, 34, 24, 21, 25, 0, 42, 9, 7, 20, 8, 44, 33, 22, 15, 29, 11, 2, 12, 26, 45, 27, 10, 13, 14, 46, 30], "mse": 0.019315079910045888, "peak_std": 0.02597994692828954, "trough_std": 0.022115984942679995, "diff": -0.03173830902178176}, "IC-650": {"noise": [20, 0], "cameras": [7, 41, 39, 45, 17, 29, 21, 8, 22, 9, 46, 13, 15, 16, 5, 30, 14, 1, 33, 42, 35, 10, 3, 40, 32, 37, 31, 38, 43, 18, 4, 47, 20, 23, 2, 28, 27, 34, 6, 0], "mse": 0.11589146778833358, "peak_std": 0.02555399366360257, "trough_std": 0.02033147852308152, "diff": -0.030800298913062657}, "IC-653": {"noise": [20, 0], "cameras": [47, 43, 40, 20, 24, 36, 12, 26, 34, 5, 11, 25, 35, 28, 10, 23, 9, 22, 27, 18], "mse": 0.14218914888854822, "peak_std": 0.028511770497122866, "trough_std": 0.022669389115881657, "diff": -0.02916323366696988}, "IC-655": {"noise": [10, 0], "cameras": [22, 27, 34, 24, 14, 8, 32, 35, 5, 4], "mse": 0.08578175939235579, "peak_std": 0.03364267319270536, "trough_std": 0.029619646626844985, "diff": -0.029149403651562045}, "IC-659": {"noise": [20, 0], "cameras": [22, 27, 34, 24, 14, 8, 32, 35, 5, 4], "mse": 0.44172698932392984, "peak_std": 0.06573112130731455, "trough_std": 0.06683775704958547, "diff": -0.019081577613811906}, "IC-663": {"noise": [0, 0], "cameras": [25, 34, 35, 9, 15, 22, 38, 26, 13, 21], "mse": 0.023081567922182043, "peak_std": 0.03379987235235674, "trough_std": 0.025957193727866566, "diff": -0.03337011771218201}, "IC-664": {"noise": [10, 0], "cameras": [25, 34, 35, 9, 15, 22, 38, 26, 13, 21], "mse": 0.047034415205494444, "peak_std": 0.03612375760082448, "trough_std": 0.02813555017618924, "diff": -0.035912872689093156}, "IC-665": {"noise": [20, 0], "cameras": [25, 34, 35, 9, 15, 22, 38, 26, 13, 21], "mse": 0.37939331275648003, "peak_std": 0.043569653333122724, "trough_std": 0.0340475434409429, "diff": -0.028944787786203463}, "IC-666": {"noise": [0, 0], "cameras": [22, 40, 5, 41, 17], "mse": 0.4431900930158752, "peak_std": 0.07124290080155984, "trough_std": 0.07146646353484952, "diff": -0.0052394086140478136}, "IC-668": {"noise": [10, 0], "cameras": [22, 40, 5, 41, 17], "mse": 0.5730934410451666, "peak_std": 0.07895147865484191, "trough_std": 0.07388112306180875, "diff": -0.00454273395182303}, "IC-669": {"noise": [20, 0], "cameras": [22, 40, 5, 41, 17], "mse": 0.48968916860637796, "peak_std": 0.06618346210146242, "trough_std": 0.061261079752497526, "diff": 0.0056451258485642475}, "IC-670": {"noise": [0, 0], "cameras": [22, 1, 40, 16, 25], "mse": 0.04094667227726744, "peak_std": 0.025584937263845794, "trough_std": 0.02201052682780124, "diff": -0.03446022260441578}, "IC-672": {"noise": [10, 0], "cameras": [22, 1, 40, 16, 25], "mse": 0.0818713992256083, "peak_std": 0.024450043683054177, "trough_std": 0.024336219104384292, "diff": -0.02899517128300433}, "IC-673": {"noise": [20, 0], "cameras": [22, 1, 40, 16, 25], "mse": 0.09422767062890411, "peak_std": 0.03352259923277651, "trough_std": 0.02816387977482886, "diff": -0.030587918810644044}, "IC-674": {"noise": [0, 0], "cameras": [22, 7, 39, 14, 47], "mse": 0.04967730754221756, "peak_std": 0.03910472209709868, "trough_std": 0.025131372214232974, "diff": -0.04042004921960596}, "IC-675": {"noise": [10, 0], "cameras": [22, 7, 39, 14, 47], "mse": 0.36841151176691783, "peak_std": 0.03874451433963465, "trough_std": 0.027775639601489478, "diff": -0.037408175834104274}, "IC-677": {"noise": [20, 0], "cameras": [22, 7, 39, 14, 47], "mse": 0.23746081319376675, "peak_std": 0.04632170500951047, "trough_std": 0.04775099226564852, "diff": -0.013730717228468414}, "IC-678": {"noise": [0, 0], "cameras": [22, 2, 24, 12], "mse": 0.48814919403741525, "peak_std": 0.035613666106099326, "trough_std": 0.028395842273271712, "diff": -0.032082193458510155}, "IC-679": {"noise": [10, 0], "cameras": [22, 2, 24, 12],